mutant	selftest_rc	published_history_rc	foreign-noreply	reversed	case-variant	holder+github	webflow-multiline	caught_by_selftest	caught_by_any
none (control)	0	0	1	1	1	1	1	NO	NO
accept-any-noreply-author-with-github-committer	1	0	0	1	0	1	1	yes	yes
order-insensitive-pair	1	0	1	0	1	1	1	yes	yes
case-insensitive-pair	1	0	1	1	0	1	1	yes	yes
webflow-checks-committer-only	1	0	0	1	0	0	1	yes	yes
webflow-checks-author-only	1	0	1	1	1	1	1	yes	yes
accept-everything	1	0	0	0	0	0	1	yes	yes
main-keeps-old-holder-only-rule	1	1	1	1	1	1	1	yes	yes
webflow-exempt-from-one-line-rule	1	0	1	1	1	1	0	yes	yes
owner-squash-exception-widened-to-webflow	1	0	1	1	1	1	0	yes	yes
restored: False
rc 0
after-run HEAD: 61fb7c9a523b89cb96d493c5baf9f7f866ebed85
after-run status:  M scripts/check_privacy.py
