tree	review-evidence/tsn2-r1	
blob	review-evidence/tsn2-r1/MANIFEST.json	5058
tree	review-evidence/tsn2-r1/author	
blob	review-evidence/tsn2-r1/author/HANDOFF.md	22936
blob	review-evidence/tsn2-r1/author/PR-BODY.md	1569
tree	review-evidence/tsn2-r1/author/evidence	
blob	review-evidence/tsn2-r1/author/evidence/ARCHITECTURE-0.svg	21842
blob	review-evidence/tsn2-r1/author/evidence/ARCHITECTURE-1.svg	26136
blob	review-evidence/tsn2-r1/author/evidence/ENTITY_YAML-0.svg	19979
blob	review-evidence/tsn2-r1/author/evidence/README-0.svg	13725
blob	review-evidence/tsn2-r1/author/evidence/clang-sanitizers-test.log	888
blob	review-evidence/tsn2-r1/author/evidence/conditionals.json	20454
blob	review-evidence/tsn2-r1/author/evidence/coverage.txt	518
blob	review-evidence/tsn2-r1/author/evidence/entity-controls.log	3693
blob	review-evidence/tsn2-r1/author/evidence/gates.json	1357
blob	review-evidence/tsn2-r1/author/evidence/gcc-test.log	875
blob	review-evidence/tsn2-r1/author/evidence/live-mapping.json	2831
blob	review-evidence/tsn2-r1/author/evidence/manifest.json	80387
blob	review-evidence/tsn2-r1/author/evidence/merge-audit.json	1170
blob	review-evidence/tsn2-r1/author/evidence/mutation-plants.json	42989
blob	review-evidence/tsn2-r1/author/evidence/mutation-summary.json	1030
blob	review-evidence/tsn2-r1/author/evidence/postcommit-privacy.log	146
blob	review-evidence/tsn2-r1/author/evidence/rv32-results.json	2224
