libedit2	3.1-20230828-1build1	pool/main/libe/libedit/libedit2_3.1-20230828-1build1_amd64.deb	3afbc8ddf835049dd4d88275b9d13680e4c4cdd59e191cbd63424152cc08e00e
libxml2	2.9.14+dfsg-1.3ubuntu3.10	pool/main/libx/libxml2/libxml2_2.9.14+dfsg-1.3ubuntu3.10_amd64.deb	c5a065f85c1e6f605741e365e40cad71c3ceb0e85e2791400bd35b8896e12ad1
libicu74	74.2-1ubuntu3.1	pool/main/i/icu/libicu74_74.2-1ubuntu3.1_amd64.deb	c9a70989678660eed9a1e904c74fa043da8bec8e2036856fc16e31ced79b04f8
libtinyxml2-10	10.0.0+dfsg-2	pool/universe/t/tinyxml2/libtinyxml2-10_10.0.0+dfsg-2_amd64.deb	7444576728d0886cc58cee1749dc2ab5a680c1756f0a8b49c973fa0cfb180973
libbsd0	0.12.1-1build1.1	pool/main/libb/libbsd/libbsd0_0.12.1-1build1.1_amd64.deb	f3857b0863ac5cfd4263e9bf6cfb1d4be88d5321e4070d5bc2b62b0949e6c86f
libmd0	1.1.0-2build1.1	pool/main/libm/libmd/libmd0_1.1.0-2build1.1_amd64.deb	e5ba01d3c41f256aaf57ec59aa0554857162e3e7f97cdfbff1ed2c0e8d720ee7
libstdc++-13-dev	13.3.0-6ubuntu2~24.04.1	pool/main/g/gcc-13/libstdc++-13-dev_13.3.0-6ubuntu2~24.04.1_amd64.deb	ee5633e863e19c3381ed97842ce35ed32ede96a3d1ae4e94c051d3036fe21347
libgcc-13-dev	13.3.0-6ubuntu2~24.04.1	pool/main/g/gcc-13/libgcc-13-dev_13.3.0-6ubuntu2~24.04.1_amd64.deb	cd689db2691edaa10f37329307292796bb599e722e0505c79e14caaa1fe9a93a
libstdc++6	14.2.0-4ubuntu2~24.04.1	pool/main/g/gcc-14/libstdc++6_14.2.0-4ubuntu2~24.04.1_amd64.deb	a51f8de7829211db961a31f02158058ad1a95f92ac6d0a5dff6350e2821c54c0
libgcc-s1	14.2.0-4ubuntu2~24.04.1	pool/main/g/gcc-14/libgcc-s1_14.2.0-4ubuntu2~24.04.1_amd64.deb	aa7fadbe33b78bcf99885318040601c550c208929565b179891d9a3cc2aa68cd
gcc-13-base	13.3.0-6ubuntu2~24.04.1	pool/main/g/gcc-13/gcc-13-base_13.3.0-6ubuntu2~24.04.1_amd64.deb	e859aca26585bb91113a451f1e66bc0e5283cb08797d679aacc1d936ae6dff8e
clang-18	1:18.1.3-1ubuntu1	pool/universe/l/llvm-toolchain-18/clang-18_18.1.3-1ubuntu1_amd64.deb	628b16701014ef7ad648380b20ea74b90dd543857f933b3e34d2fc042783de25
libclang-cpp18	1:18.1.3-1ubuntu1	pool/main/l/llvm-toolchain-18/libclang-cpp18_18.1.3-1ubuntu1_amd64.deb	e91eda104813ee0468d145d010a4a4e142401f3f17f9a65596c66d416298d018
libllvm18	1:18.1.3-1ubuntu1	pool/main/l/llvm-toolchain-18/libllvm18_18.1.3-1ubuntu1_amd64.deb	af6197096ce3b89aab86de59f01c1b5feb008b2ae1514a03906c0664edb8b0b1
libclang-common-18-dev	1:18.1.3-1ubuntu1	pool/universe/l/llvm-toolchain-18/libclang-common-18-dev_18.1.3-1ubuntu1_amd64.deb	d41631bb752815a8196261d1030c096591c59678c8adfbf2e6a740a691b49e80
libclang-rt-18-dev	1:18.1.3-1ubuntu1	pool/universe/l/llvm-toolchain-18/libclang-rt-18-dev_18.1.3-1ubuntu1_amd64.deb	82d5d27d12c0abdf4cefbafa6044e7544a4cbbbec9c04784f5ce326979842b2b
clang-tidy-18	1:18.1.3-1ubuntu1	pool/universe/l/llvm-toolchain-18/clang-tidy-18_18.1.3-1ubuntu1_amd64.deb	4880055c77877bce65de8733f0931021a28826bbae3f450b4dc0065fb6b70363
llvm-18	1:18.1.3-1ubuntu1	pool/universe/l/llvm-toolchain-18/llvm-18_18.1.3-1ubuntu1_amd64.deb	139cb82e16e75fcdd4a56562804ff9bfb482b65d0929580d621d28088075a27e
llvm-18-linker-tools	1:18.1.3-1ubuntu1	pool/universe/l/llvm-toolchain-18/llvm-18-linker-tools_18.1.3-1ubuntu1_amd64.deb	50f0bcfa784e42f8bf0eac31aeb6a20798fb6174cc31efe021f12ae71af91b23
gcc-riscv64-unknown-elf	13.2.0-11ubuntu1+12	pool/universe/g/gcc-riscv64-unknown-elf/gcc-riscv64-unknown-elf_13.2.0-11ubuntu1+12_amd64.deb	47d4670801c391c65513e2002a19280c6bbdba158f5a467ac5100bff813de0e3
binutils-riscv64-unknown-elf	2.42-1ubuntu1+6	pool/universe/b/binutils-riscv64-unknown-elf/binutils-riscv64-unknown-elf_2.42-1ubuntu1+6_amd64.deb	d42d42efdaa0563155d0e1263675852255b20864cc525db9265247a5dec2ce30
cppcheck	2.13.0-2ubuntu3	pool/universe/c/cppcheck/cppcheck_2.13.0-2ubuntu3_amd64.deb	c84251e17148b6b4ff3698bb71ceec0f445896d97888bedad8bba471c00aeadf
